﻿{
  "version": "2.1",
  "record_type": "added_security_layer",
  "description": "Additional sovereign security layer added during HC-CXL V2.1 update.",
  "author": "Hossam Sovereign Engine",
  "timestamp_utc": "$(Get-Date -Format yyyy-MM-ddTHH:mm:ssZ)",
  "integrity": {
    "previous_version": "2.0",
    "root_reference": "Custody_Record_v2.0_SecondExperiments.json",
    "added_entries": [
      "sovereign-signature-upgrade",
      "enhanced-proof-immutability",
      "verification-path-hardening"
    ]
  },
  "v2_1_security_layer": {
    "layer_id": "V2.1-SL-01",
    "status": "active",
    "applied": true,
    "applied_by": "Hossam Sovereign Engine",
    "notes": "This layer enforces deterministic verification and archival immutability for the V2.1 governance path."
  }
}
