{
  "manifest_version": "1.0",
  "timestamp_utc": "2025-11-05T23:59:00Z",
  "root_directory": "D:\\HC-CXL\\Archive",
  "artifacts": {
    "zip_package": "proofs\\VRL\\HC-CXL_Second_Experiments_v2.0_FULL.zip",
    "metadata": "release\\Second_Experiments_Metadata.json",
    "custody": "custody\\Custody_Record_v2.0_SecondExperiments.json",
    "checksums": "checksums\\SHA256_Summary.txt",
    "catalog": "release\\catalog_entry.json"
  },
  "custodian": "Dr. Abubakr A. Awad",
  "status": "Finalized and Archived"
}